<?xml version="1.0" encoding="UTF-8"?>
<project-private xmlns="http://www.netbeans.org/ns/project-private/1">
    <editor-bookmarks xmlns="http://www.netbeans.org/ns/editor-bookmarks/2" lastBookmarkId="0"/>
    <open-files xmlns="http://www.netbeans.org/ns/projectui-open-files/2">
        <group>
            <file>file:/C:/college%20files/2ND%20YR%20IT%20FILES/BSIT2%201st%20sem/IT%20OOP/WPBS/src/view/WPBS_UI.java</file>
            <file>file:/C:/college%20files/2ND%20YR%20IT%20FILES/BSIT2%201st%20sem/IT%20OOP/WPBS/src/util/DatabaseConnection.java</file>
            <file>file:/C:/college%20files/2ND%20YR%20IT%20FILES/BSIT2%201st%20sem/IT%20OOP/WPBS/src/controller/BookingClientController.java</file>
        </group>
    </open-files>
</project-private>
